{"aAcc": 4.9, "mIoU": 1.61, "mAcc": 12.13, "mDice": 3.08, "mFscore": 3.69, "mPrecision": 2.69, "mRecall": 12.13, "data_time": 0.003422740083303511, "time": 0.2229155368686463}